sale_id,date,store_id,product_id,units_sold,unit_price,sales_rep
1,2023-01-01,3,102,15.0,39.0,
2,2023-01-02,4,103,12.0,21.27,Charlie
3,2023-01-03,1,101,,52.69,Alice
4,2023-01-04,3,101,19.0,,
5,2023-01-05,3,101,8.0,,Charlie
6,2023-01-06,4,101,17.0,92.83,
7,2023-01-07,1,104,5.0,56.87,
8,2023-01-08,1,101,16.0,65.48,
9,2023-01-09,3,104,6.0,24.1,Bob
10,2023-01-10,2,104,8.0,13.94,David
11,2023-01-11,3,101,18.0,,Alice
12,2023-01-12,3,101,12.0,63.87,Charlie
13,2023-01-13,3,102,15.0,18.55,Bob
14,2023-01-14,3,103,9.0,43.84,Charlie
15,2023-01-15,4,101,13.0,59.51,Alice
16,2023-01-16,1,102,15.0,44.98,Alice
17,2023-01-17,4,102,10.0,24.73,
18,2023-01-18,4,103,16.0,34.64,Alice
19,2023-01-19,4,104,7.0,93.55,Charlie
20,2023-01-20,3,101,17.0,70.84,David
21,2023-01-21,2,103,7.0,54.64,David
22,2023-01-22,1,101,14.0,11.14,
23,2023-01-23,2,102,15.0,99.32,
24,2023-01-24,4,102,,70.43,Charlie
25,2023-01-25,4,104,9.0,38.52,Alice
26,2023-01-26,2,102,19.0,89.13,Charlie
27,2023-01-27,2,102,16.0,33.26,Bob
28,2023-01-28,2,103,8.0,58.96,Alice
29,2023-01-29,4,101,18.0,67.25,Bob
30,2023-01-30,4,101,18.0,,
31,2023-01-31,1,103,,98.06,David
32,2023-02-01,1,104,,77.34,
33,2023-02-02,4,101,,60.2,David
34,2023-02-03,2,102,10.0,26.25,
35,2023-02-04,2,101,7.0,14.85,Charlie
36,2023-02-05,1,102,17.0,38.81,Bob
37,2023-02-06,4,104,,77.79,David
38,2023-02-07,1,103,3.0,34.24,Alice
39,2023-02-08,1,101,12.0,,Bob
40,2023-02-09,3,103,,,Alice
41,2023-02-10,3,101,2.0,19.71,
42,2023-02-11,3,102,3.0,71.68,Bob
43,2023-02-12,2,103,5.0,18.27,
44,2023-02-13,4,101,11.0,96.86,David
45,2023-02-14,4,102,8.0,53.96,David
46,2023-02-15,4,103,12.0,23.56,Bob
47,2023-02-16,4,103,7.0,40.81,Charlie
48,2023-02-17,3,101,15.0,47.21,Charlie
49,2023-02-18,2,101,17.0,78.24,Alice
50,2023-02-19,2,101,4.0,76.91,
51,2023-02-20,3,102,13.0,65.07,
52,2023-02-21,2,101,18.0,19.53,Bob
53,2023-02-22,3,103,1.0,23.64,Alice
54,2023-02-23,4,103,16.0,18.44,Alice
55,2023-02-24,3,101,,61.95,Bob
56,2023-02-25,4,101,10.0,88.94,
57,2023-02-26,4,104,12.0,49.04,Alice
58,2023-02-27,1,103,2.0,24.48,
59,2023-02-28,3,102,,60.22,David
60,2023-03-01,1,104,10.0,,
61,2023-03-02,3,101,2.0,76.75,
62,2023-03-03,3,101,,89.33,Charlie
63,2023-03-04,1,103,13.0,35.01,
64,2023-03-05,1,101,18.0,27.46,Charlie
65,2023-03-06,3,102,3.0,89.18,
66,2023-03-07,2,103,7.0,69.18,Bob
67,2023-03-08,4,101,14.0,37.98,Charlie
68,2023-03-09,1,103,17.0,76.81,Charlie
69,2023-03-10,4,101,12.0,83.36,
70,2023-03-11,2,101,16.0,65.35,David
71,2023-03-12,2,101,12.0,71.91,Bob
72,2023-03-13,2,102,15.0,,
73,2023-03-14,1,102,10.0,58.48,
74,2023-03-15,2,103,,57.17,David
75,2023-03-16,1,101,5.0,86.32,Bob
76,2023-03-17,2,101,1.0,85.6,David
77,2023-03-18,4,102,17.0,,Bob
78,2023-03-19,4,101,3.0,10.99,David
79,2023-03-20,3,102,13.0,77.46,
80,2023-03-21,4,101,14.0,78.28,
81,2023-03-22,3,103,18.0,71.05,Alice
82,2023-03-23,4,101,,78.06,Charlie
83,2023-03-24,1,101,18.0,85.78,
84,2023-03-25,4,104,5.0,,Alice
85,2023-03-26,3,102,,55.18,Charlie
86,2023-03-27,3,101,1.0,,David
87,2023-03-28,2,101,14.0,44.68,Bob
88,2023-03-29,1,104,15.0,67.9,Charlie
89,2023-03-30,4,104,9.0,80.24,
90,2023-03-31,2,102,15.0,29.55,Alice
91,2023-04-01,4,104,17.0,,Charlie
92,2023-04-02,4,103,4.0,69.67,Charlie
93,2023-04-03,2,104,12.0,10.17,
94,2023-04-04,2,103,5.0,26.05,David
95,2023-04-05,2,102,5.0,12.62,Bob
96,2023-04-06,2,102,11.0,25.02,
97,2023-04-07,2,102,6.0,26.32,Bob
98,2023-04-08,4,102,7.0,44.89,David
99,2023-04-09,2,102,14.0,46.21,Charlie
100,2023-04-10,1,103,,88.68,Bob
101,2023-04-11,3,103,13.0,55.91,Alice
102,2023-04-12,2,102,2.0,,Alice
103,2023-04-13,2,104,7.0,19.37,
104,2023-04-14,4,101,4.0,,
105,2023-04-15,2,102,8.0,73.26,
106,2023-04-16,2,104,19.0,14.75,
107,2023-04-17,2,101,13.0,53.79,
108,2023-04-18,4,102,14.0,63.94,Alice
109,2023-04-19,2,102,10.0,64.19,Alice
110,2023-04-20,3,103,11.0,12.06,
111,2023-04-21,4,101,2.0,38.99,Alice
112,2023-04-22,3,101,9.0,67.28,David
113,2023-04-23,4,104,17.0,23.41,
114,2023-04-24,2,103,,72.59,Alice
115,2023-04-25,3,103,6.0,77.13,
116,2023-04-26,4,103,5.0,98.38,
117,2023-04-27,1,103,5.0,28.89,
118,2023-04-28,2,101,15.0,84.26,David
119,2023-04-29,4,101,17.0,56.83,Charlie
120,2023-04-30,1,102,9.0,43.61,Charlie
121,2023-05-01,4,102,3.0,21.01,David
122,2023-05-02,1,103,17.0,76.2,David
123,2023-05-03,2,103,10.0,31.23,David
124,2023-05-04,3,103,3.0,43.43,Charlie
125,2023-05-05,1,102,18.0,15.63,David
126,2023-05-06,4,104,18.0,82.12,Alice
127,2023-05-07,2,104,17.0,78.99,
128,2023-05-08,1,102,3.0,76.03,
129,2023-05-09,4,102,3.0,36.95,Bob
130,2023-05-10,4,102,6.0,25.61,Bob
131,2023-05-11,4,102,13.0,,
132,2023-05-12,1,102,15.0,54.65,Alice
133,2023-05-13,1,102,9.0,26.04,Charlie
134,2023-05-14,1,103,4.0,71.73,Charlie
135,2023-05-15,3,103,14.0,99.2,Alice
136,2023-05-16,1,103,5.0,77.25,
137,2023-05-17,1,103,2.0,76.6,David
138,2023-05-18,1,102,11.0,95.53,
139,2023-05-19,3,104,9.0,,
140,2023-05-20,1,101,3.0,60.9,Alice
141,2023-05-21,4,102,9.0,98.17,Charlie
142,2023-05-22,1,101,3.0,24.88,
143,2023-05-23,4,104,2.0,73.02,Bob
144,2023-05-24,4,103,12.0,62.72,Charlie
145,2023-05-25,4,104,10.0,62.78,Bob
146,2023-05-26,3,102,9.0,72.79,Alice
147,2023-05-27,3,103,15.0,93.67,Alice
148,2023-05-28,3,102,8.0,80.43,Charlie
149,2023-05-29,1,103,5.0,15.05,Bob
150,2023-05-30,4,101,11.0,86.75,Alice
151,2023-05-31,3,101,2.0,30.3,Alice
152,2023-06-01,3,101,15.0,43.92,David
153,2023-06-02,1,104,6.0,51.56,David
154,2023-06-03,3,102,8.0,53.28,Alice
155,2023-06-04,1,104,5.0,49.17,Charlie
156,2023-06-05,2,101,16.0,,
157,2023-06-06,3,102,18.0,73.54,
158,2023-06-07,2,101,6.0,66.81,Alice
159,2023-06-08,1,104,5.0,,Alice
160,2023-06-09,4,104,16.0,,
161,2023-06-10,3,104,13.0,91.85,Charlie
162,2023-06-11,1,101,5.0,80.22,David
163,2023-06-12,4,102,13.0,,Alice
164,2023-06-13,4,102,17.0,15.16,Alice
165,2023-06-14,2,101,18.0,30.27,Bob
166,2023-06-15,1,102,8.0,21.82,Charlie
167,2023-06-16,4,101,13.0,45.9,Alice
168,2023-06-17,3,102,,93.04,Bob
169,2023-06-18,3,103,3.0,52.49,
170,2023-06-19,2,103,8.0,11.21,Alice
171,2023-06-20,4,104,2.0,35.45,Alice
172,2023-06-21,1,103,,14.01,Bob
173,2023-06-22,3,103,13.0,13.27,Charlie
174,2023-06-23,4,103,13.0,,Alice
175,2023-06-24,4,101,1.0,34.81,
176,2023-06-25,2,103,6.0,80.84,Alice
177,2023-06-26,3,103,19.0,97.74,
178,2023-06-27,3,104,,43.41,David
179,2023-06-28,1,103,8.0,48.6,David
180,2023-06-29,3,103,1.0,86.03,
181,2023-06-30,1,102,16.0,34.13,Charlie
182,2023-07-01,3,104,9.0,24.07,Alice
183,2023-07-02,2,104,13.0,86.78,Alice
184,2023-07-03,3,104,11.0,14.19,David
185,2023-07-04,1,104,13.0,65.77,
186,2023-07-05,1,104,10.0,60.58,Alice
187,2023-07-06,2,104,4.0,41.13,Alice
188,2023-07-07,3,101,6.0,38.37,Charlie
189,2023-07-08,3,103,7.0,79.47,Bob
190,2023-07-09,2,104,5.0,17.78,
191,2023-07-10,3,103,11.0,31.31,David
192,2023-07-11,3,103,13.0,75.92,
193,2023-07-12,1,101,19.0,59.35,Alice
194,2023-07-13,3,104,10.0,21.52,Charlie
195,2023-07-14,3,102,10.0,89.39,
196,2023-07-15,2,101,11.0,45.41,David
197,2023-07-16,2,102,7.0,84.51,Charlie
198,2023-07-17,4,103,18.0,80.89,Bob
199,2023-07-18,1,103,4.0,66.2,Alice
200,2023-07-19,3,101,2.0,54.5,Bob
201,2023-07-20,3,101,14.0,98.16,
202,2023-07-21,4,102,13.0,,
203,2023-07-22,3,104,12.0,,Charlie
204,2023-07-23,1,102,7.0,27.21,
205,2023-07-24,4,101,,40.44,Charlie
206,2023-07-25,1,102,13.0,37.78,Alice
207,2023-07-26,4,101,14.0,95.23,Alice
208,2023-07-27,4,102,17.0,97.06,Alice
209,2023-07-28,2,101,9.0,26.47,Charlie
210,2023-07-29,1,101,17.0,11.98,
211,2023-07-30,3,101,8.0,74.8,Alice
212,2023-07-31,3,104,2.0,47.62,
213,2023-08-01,1,102,13.0,,Charlie
214,2023-08-02,3,102,3.0,71.54,
215,2023-08-03,3,102,,59.06,Charlie
216,2023-08-04,1,101,6.0,98.25,Charlie
217,2023-08-05,4,102,19.0,30.47,David
218,2023-08-06,1,102,7.0,,Charlie
219,2023-08-07,4,101,10.0,58.83,Charlie
220,2023-08-08,3,103,,81.25,Bob
221,2023-08-09,3,101,2.0,59.4,Alice
222,2023-08-10,3,102,15.0,65.16,David
223,2023-08-11,2,101,,,David
224,2023-08-12,4,103,4.0,86.22,David
225,2023-08-13,2,101,4.0,48.58,Bob
226,2023-08-14,2,102,18.0,22.69,Charlie
227,2023-08-15,1,103,4.0,69.78,Alice
228,2023-08-16,2,104,17.0,29.45,
229,2023-08-17,1,102,12.0,18.78,Charlie
230,2023-08-18,1,103,17.0,87.58,Bob
231,2023-08-19,2,103,10.0,51.41,Charlie
232,2023-08-20,4,104,1.0,77.44,Charlie
233,2023-08-21,4,101,18.0,36.15,Bob
234,2023-08-22,4,101,18.0,,David
235,2023-08-23,4,102,,,David
236,2023-08-24,4,104,,42.04,Alice
237,2023-08-25,2,101,12.0,98.03,Alice
238,2023-08-26,2,104,4.0,,David
239,2023-08-27,3,101,3.0,54.75,
240,2023-08-28,4,103,,,
241,2023-08-29,2,101,7.0,88.49,
242,2023-08-30,3,104,11.0,,Charlie
243,2023-08-31,4,103,1.0,,
244,2023-09-01,1,103,6.0,77.87,
245,2023-09-02,3,103,15.0,11.62,
246,2023-09-03,2,104,15.0,21.36,
247,2023-09-04,1,102,19.0,69.37,Alice
248,2023-09-05,1,102,11.0,24.55,David
249,2023-09-06,1,102,2.0,32.99,
250,2023-09-07,3,104,14.0,95.2,Charlie
251,2023-09-08,2,103,2.0,60.42,Alice
252,2023-09-09,1,102,4.0,,Bob
253,2023-09-10,4,104,17.0,60.22,Alice
254,2023-09-11,1,102,3.0,59.73,Charlie
255,2023-09-12,1,101,13.0,18.47,
256,2023-09-13,3,102,9.0,40.93,Charlie
257,2023-09-14,3,102,7.0,35.42,Bob
258,2023-09-15,2,103,15.0,45.17,David
259,2023-09-16,4,104,,81.85,Alice
260,2023-09-17,3,103,2.0,43.47,
261,2023-09-18,1,103,15.0,50.65,David
262,2023-09-19,2,103,14.0,45.76,Charlie
263,2023-09-20,1,103,11.0,18.41,
264,2023-09-21,1,103,3.0,49.7,David
265,2023-09-22,3,102,17.0,27.6,
266,2023-09-23,2,103,12.0,26.81,Bob
267,2023-09-24,4,103,15.0,18.46,Bob
268,2023-09-25,4,104,16.0,42.1,Alice
269,2023-09-26,3,101,5.0,78.17,Alice
270,2023-09-27,3,102,6.0,34.88,Bob
271,2023-09-28,2,102,19.0,38.11,
272,2023-09-29,4,102,5.0,67.84,Bob
273,2023-09-30,4,103,3.0,27.63,Alice
274,2023-10-01,4,103,1.0,90.73,
275,2023-10-02,1,103,6.0,56.82,Bob
276,2023-10-03,4,104,15.0,50.28,
277,2023-10-04,1,101,2.0,60.2,David
278,2023-10-05,2,103,3.0,24.94,
279,2023-10-06,1,101,,65.21,
280,2023-10-07,2,104,12.0,,Bob
281,2023-10-08,4,102,18.0,90.75,Bob
282,2023-10-09,4,103,15.0,,David
283,2023-10-10,2,101,12.0,55.63,Alice
284,2023-10-11,3,101,16.0,63.83,Alice
285,2023-10-12,2,103,8.0,13.0,Charlie
286,2023-10-13,3,102,14.0,42.73,Alice
287,2023-10-14,1,102,17.0,75.94,
288,2023-10-15,1,102,8.0,83.83,Charlie
289,2023-10-16,1,104,,38.18,Charlie
290,2023-10-17,4,101,14.0,81.87,
291,2023-10-18,1,101,18.0,97.1,Bob
292,2023-10-19,3,101,7.0,87.12,Alice
293,2023-10-20,1,104,3.0,,Charlie
294,2023-10-21,2,101,12.0,76.58,Bob
295,2023-10-22,2,104,3.0,38.77,David
296,2023-10-23,4,102,14.0,98.96,Bob
297,2023-10-24,2,103,,53.68,Bob
298,2023-10-25,3,101,14.0,21.02,Charlie
299,2023-10-26,1,101,7.0,75.27,Charlie
300,2023-10-27,4,102,17.0,39.07,
301,2023-10-28,1,103,12.0,99.74,
302,2023-10-29,1,104,4.0,98.18,Charlie
303,2023-10-30,3,103,9.0,69.05,Alice
304,2023-10-31,2,102,6.0,21.68,David
305,2023-11-01,2,102,16.0,71.82,David
306,2023-11-02,1,103,2.0,18.37,Charlie
307,2023-11-03,4,104,8.0,12.64,David
308,2023-11-04,2,104,11.0,84.07,
309,2023-11-05,4,101,,28.88,Bob
310,2023-11-06,2,104,17.0,44.11,
311,2023-11-07,4,103,8.0,97.61,Bob
312,2023-11-08,3,102,,40.32,Charlie
313,2023-11-09,4,101,18.0,36.68,Charlie
314,2023-11-10,3,101,14.0,92.64,Bob
315,2023-11-11,3,102,15.0,19.97,Alice
316,2023-11-12,4,104,6.0,78.36,Alice
317,2023-11-13,3,102,11.0,98.93,Alice
318,2023-11-14,1,104,13.0,91.12,Charlie
319,2023-11-15,3,102,1.0,68.65,
320,2023-11-16,2,103,6.0,38.27,Charlie
321,2023-11-17,4,104,9.0,,David
322,2023-11-18,1,103,8.0,83.73,Bob
323,2023-11-19,4,101,11.0,89.18,
324,2023-11-20,2,102,19.0,57.29,David
325,2023-11-21,2,101,9.0,31.99,Alice
326,2023-11-22,2,101,17.0,,Charlie
327,2023-11-23,3,101,12.0,17.85,Bob
328,2023-11-24,3,101,14.0,74.72,Alice
329,2023-11-25,4,102,15.0,47.81,Bob
330,2023-11-26,4,101,,91.48,
331,2023-11-27,1,102,1.0,76.57,Charlie
332,2023-11-28,1,102,,27.21,Charlie
333,2023-11-29,4,103,8.0,65.24,
334,2023-11-30,3,104,18.0,49.2,Charlie
335,2023-12-01,2,104,1.0,61.95,David
336,2023-12-02,4,102,2.0,76.43,Bob
337,2023-12-03,1,103,1.0,,
338,2023-12-04,3,102,1.0,85.94,
339,2023-12-05,4,102,9.0,32.86,David
340,2023-12-06,4,102,,12.8,Alice
341,2023-12-07,3,103,1.0,76.54,Alice
342,2023-12-08,4,104,13.0,19.57,
343,2023-12-09,3,103,7.0,38.34,David
344,2023-12-10,2,101,2.0,10.34,Alice
345,2023-12-11,3,103,6.0,71.35,Alice
346,2023-12-12,3,103,7.0,,David
347,2023-12-13,3,103,14.0,68.98,Charlie
348,2023-12-14,4,103,18.0,99.26,
349,2023-12-15,4,104,,16.54,Bob
350,2023-12-16,3,101,2.0,16.94,David
351,2023-12-17,4,104,10.0,40.63,Alice
352,2023-12-18,1,104,12.0,87.97,
353,2023-12-19,1,103,,29.4,Bob
354,2023-12-20,4,102,8.0,42.43,Alice
355,2023-12-21,4,102,11.0,16.17,Bob
356,2023-12-22,3,104,3.0,,
357,2023-12-23,2,104,6.0,46.75,Charlie
358,2023-12-24,4,103,,78.33,Bob
359,2023-12-25,1,104,,91.32,Charlie
360,2023-12-26,3,103,9.0,30.95,David
361,2023-12-27,4,102,,82.67,Charlie
362,2023-12-28,1,102,,15.32,
363,2023-12-29,1,101,18.0,90.9,Alice
364,2023-12-30,2,102,12.0,68.57,David
365,2023-12-31,3,104,,88.68,David
366,2024-01-01,3,102,8.0,10.02,
367,2024-01-02,2,103,18.0,25.22,Charlie
368,2024-01-03,2,102,15.0,45.08,Alice
369,2024-01-04,3,101,7.0,44.16,Charlie
370,2024-01-05,3,102,11.0,30.41,Bob
371,2024-01-06,4,103,16.0,44.35,Charlie
372,2024-01-07,4,103,4.0,21.6,David
373,2024-01-08,2,104,6.0,47.15,Alice
374,2024-01-09,4,102,3.0,82.21,Charlie
375,2024-01-10,1,103,9.0,53.12,Alice
376,2024-01-11,4,101,10.0,11.62,Alice
377,2024-01-12,4,104,14.0,47.93,Bob
378,2024-01-13,1,101,11.0,12.45,Bob
379,2024-01-14,2,102,,96.96,David
380,2024-01-15,1,102,12.0,21.47,
381,2024-01-16,4,102,12.0,73.69,Alice
382,2024-01-17,2,104,13.0,97.55,
383,2024-01-18,4,103,13.0,84.34,
384,2024-01-19,1,104,19.0,72.94,Alice
385,2024-01-20,1,101,19.0,,
386,2024-01-21,4,104,14.0,98.36,
387,2024-01-22,3,101,4.0,65.92,Charlie
388,2024-01-23,3,104,13.0,60.33,Bob
389,2024-01-24,1,103,8.0,66.54,Charlie
390,2024-01-25,1,101,19.0,57.94,
391,2024-01-26,3,102,12.0,67.16,Bob
392,2024-01-27,3,102,18.0,50.49,Charlie
393,2024-01-28,4,104,6.0,29.66,Bob
394,2024-01-29,4,102,,20.82,Alice
395,2024-01-30,3,101,19.0,16.15,Charlie
396,2024-01-31,4,102,5.0,33.7,Bob
397,2024-02-01,4,103,9.0,14.15,Bob
398,2024-02-02,2,103,3.0,61.05,Bob
399,2024-02-03,4,104,10.0,,Charlie
400,2024-02-04,1,101,19.0,84.21,
401,2024-02-05,4,103,3.0,16.68,Charlie
402,2024-02-06,4,103,15.0,30.37,
403,2024-02-07,3,101,1.0,75.72,Charlie
404,2024-02-08,1,102,7.0,,
405,2024-02-09,4,102,12.0,15.8,Alice
406,2024-02-10,4,104,17.0,88.95,
407,2024-02-11,2,102,5.0,88.95,Charlie
408,2024-02-12,4,101,,39.74,Bob
409,2024-02-13,4,103,12.0,40.64,Alice
410,2024-02-14,2,102,,99.01,Alice
411,2024-02-15,3,104,17.0,66.36,
412,2024-02-16,4,102,19.0,57.82,Charlie
413,2024-02-17,2,101,9.0,,
414,2024-02-18,1,104,4.0,,Alice
415,2024-02-19,3,102,2.0,48.63,David
416,2024-02-20,1,104,4.0,34.1,David
417,2024-02-21,1,101,2.0,81.02,Alice
418,2024-02-22,2,103,,,
419,2024-02-23,4,101,2.0,69.29,Alice
420,2024-02-24,2,101,4.0,32.71,Bob
421,2024-02-25,2,101,6.0,29.82,Charlie
422,2024-02-26,2,101,,53.95,
423,2024-02-27,2,103,10.0,76.38,Bob
424,2024-02-28,3,103,19.0,57.27,
425,2024-02-29,4,104,19.0,12.94,Bob
426,2024-03-01,1,102,12.0,88.17,Charlie
427,2024-03-02,1,103,3.0,15.82,
428,2024-03-03,4,103,13.0,96.02,David
429,2024-03-04,1,102,18.0,12.26,Bob
430,2024-03-05,4,103,8.0,72.5,David
431,2024-03-06,1,101,15.0,17.4,Bob
432,2024-03-07,2,101,1.0,91.96,David
433,2024-03-08,1,102,3.0,51.8,Charlie
434,2024-03-09,4,104,8.0,22.38,
435,2024-03-10,4,104,4.0,40.67,David
436,2024-03-11,4,102,16.0,24.83,Bob
437,2024-03-12,4,102,10.0,25.35,Bob
438,2024-03-13,4,101,12.0,,Charlie
439,2024-03-14,3,104,14.0,50.07,
440,2024-03-15,3,103,,80.99,
441,2024-03-16,1,101,2.0,67.56,
442,2024-03-17,4,102,5.0,70.88,
443,2024-03-18,1,104,5.0,21.85,
444,2024-03-19,4,103,6.0,31.08,Charlie
445,2024-03-20,4,103,13.0,80.81,David
446,2024-03-21,3,101,9.0,97.37,David
447,2024-03-22,3,104,15.0,33.64,Alice
448,2024-03-23,2,104,14.0,,Charlie
449,2024-03-24,3,102,7.0,,Bob
450,2024-03-25,2,104,2.0,98.55,Alice
451,2024-03-26,2,104,,34.21,Alice
452,2024-03-27,2,101,6.0,46.63,
453,2024-03-28,2,104,17.0,90.23,
454,2024-03-29,2,103,2.0,,
455,2024-03-30,1,101,,13.58,Alice
456,2024-03-31,3,101,5.0,64.37,Bob
457,2024-04-01,2,102,5.0,91.66,David
458,2024-04-02,4,104,1.0,31.5,
459,2024-04-03,3,102,8.0,52.27,Bob
460,2024-04-04,3,103,12.0,,Charlie
461,2024-04-05,2,101,4.0,52.57,
462,2024-04-06,1,101,13.0,66.03,David
463,2024-04-07,2,101,15.0,52.28,Charlie
464,2024-04-08,1,103,11.0,50.27,Charlie
465,2024-04-09,4,103,10.0,52.69,David
466,2024-04-10,3,102,3.0,63.18,
467,2024-04-11,4,102,14.0,58.33,Alice
468,2024-04-12,1,102,16.0,86.87,David
469,2024-04-13,1,104,10.0,14.45,David
470,2024-04-14,4,101,10.0,,David
471,2024-04-15,1,101,12.0,85.95,Charlie
472,2024-04-16,4,102,9.0,35.64,Bob
473,2024-04-17,3,101,1.0,51.66,
474,2024-04-18,4,102,5.0,49.47,
475,2024-04-19,3,104,,29.67,
476,2024-04-20,4,104,11.0,45.71,Bob
477,2024-04-21,1,103,,13.99,David
478,2024-04-22,4,104,,35.0,Alice
479,2024-04-23,1,102,11.0,83.5,
480,2024-04-24,4,104,5.0,35.61,
481,2024-04-25,4,103,15.0,83.64,David
482,2024-04-26,2,101,5.0,57.84,Bob
483,2024-04-27,1,102,12.0,89.19,
484,2024-04-28,2,101,5.0,61.73,Bob
485,2024-04-29,1,103,17.0,12.67,Bob
486,2024-04-30,2,103,17.0,70.79,Alice
487,2024-05-01,3,103,12.0,14.04,Alice
488,2024-05-02,4,101,15.0,50.55,
489,2024-05-03,1,101,15.0,93.65,
490,2024-05-04,1,101,6.0,24.87,
491,2024-05-05,4,101,12.0,45.09,Charlie
492,2024-05-06,1,103,18.0,75.69,
493,2024-05-07,1,103,14.0,89.4,Charlie
494,2024-05-08,2,102,2.0,70.38,Alice
495,2024-05-09,1,102,9.0,33.24,
496,2024-05-10,3,101,5.0,70.71,Bob
497,2024-05-11,3,104,1.0,36.71,Alice
498,2024-05-12,4,104,3.0,74.66,David
499,2024-05-13,1,103,6.0,95.86,
500,2024-05-14,4,103,,74.93,
501,2024-05-15,3,103,5.0,,Alice
502,2024-05-16,1,102,1.0,10.19,
503,2024-05-17,1,102,17.0,74.58,
504,2024-05-18,4,103,19.0,84.66,
505,2024-05-19,3,103,14.0,13.65,David
506,2024-05-20,1,103,12.0,88.44,
507,2024-05-21,4,104,10.0,,Alice
508,2024-05-22,3,102,18.0,69.88,
509,2024-05-23,4,104,11.0,82.03,Bob
510,2024-05-24,2,104,2.0,69.64,
511,2024-05-25,1,103,18.0,18.31,David
512,2024-05-26,2,103,7.0,63.67,Bob
513,2024-05-27,3,101,15.0,59.46,Alice
514,2024-05-28,2,101,11.0,91.03,Alice
515,2024-05-29,2,104,18.0,46.38,Charlie
516,2024-05-30,3,102,12.0,38.9,Bob
517,2024-05-31,4,103,6.0,77.49,Charlie
518,2024-06-01,2,103,13.0,47.14,Bob
519,2024-06-02,4,104,16.0,68.15,Bob
520,2024-06-03,2,101,18.0,68.18,David
521,2024-06-04,4,102,10.0,89.92,Charlie
522,2024-06-05,3,101,8.0,63.88,David
523,2024-06-06,2,101,18.0,55.19,Bob
524,2024-06-07,3,101,1.0,,Alice
525,2024-06-08,2,101,8.0,20.42,Bob
526,2024-06-09,3,103,6.0,23.89,David
527,2024-06-10,3,103,5.0,25.47,Charlie
528,2024-06-11,2,101,15.0,67.41,Charlie
529,2024-06-12,2,102,15.0,76.69,David
530,2024-06-13,2,104,2.0,57.7,Charlie
531,2024-06-14,1,102,1.0,84.61,
532,2024-06-15,4,102,11.0,99.21,Alice
533,2024-06-16,1,102,10.0,83.8,Alice
534,2024-06-17,1,101,18.0,72.54,Alice
535,2024-06-18,3,103,18.0,,Charlie
536,2024-06-19,2,102,17.0,50.4,Charlie
537,2024-06-20,4,101,8.0,17.6,
538,2024-06-21,3,102,15.0,45.94,
539,2024-06-22,1,102,,91.91,Alice
540,2024-06-23,2,101,17.0,82.72,
541,2024-06-24,3,103,12.0,29.44,
542,2024-06-25,2,103,8.0,51.99,Bob
543,2024-06-26,3,104,14.0,83.51,Charlie
544,2024-06-27,2,101,4.0,,
545,2024-06-28,1,104,1.0,44.87,Alice
546,2024-06-29,4,104,1.0,86.67,Bob
547,2024-06-30,1,104,19.0,46.35,
548,2024-07-01,4,103,16.0,16.99,
549,2024-07-02,2,101,14.0,58.83,
550,2024-07-03,3,104,16.0,87.56,
551,2024-07-04,1,101,5.0,63.13,
552,2024-07-05,4,101,9.0,30.37,
553,2024-07-06,1,103,,44.58,Bob
554,2024-07-07,4,104,18.0,50.51,Alice
555,2024-07-08,1,104,,62.13,
556,2024-07-09,4,101,9.0,78.34,
557,2024-07-10,4,102,1.0,18.9,Bob
558,2024-07-11,2,103,9.0,90.07,Alice
559,2024-07-12,4,103,16.0,11.11,Charlie
560,2024-07-13,2,103,13.0,43.3,Bob
561,2024-07-14,4,103,,12.47,Alice
562,2024-07-15,3,104,13.0,,
563,2024-07-16,3,104,9.0,57.32,Alice
564,2024-07-17,3,102,11.0,56.05,Alice
565,2024-07-18,4,103,4.0,24.91,Alice
566,2024-07-19,2,103,2.0,,Charlie
567,2024-07-20,2,101,6.0,14.03,Alice
568,2024-07-21,4,104,14.0,78.57,Charlie
569,2024-07-22,3,103,4.0,,
570,2024-07-23,3,102,6.0,40.58,Charlie
571,2024-07-24,2,102,19.0,,
572,2024-07-25,3,104,6.0,44.1,
573,2024-07-26,1,102,2.0,,Charlie
574,2024-07-27,2,102,18.0,44.73,Bob
575,2024-07-28,3,104,13.0,81.25,David
576,2024-07-29,2,103,9.0,63.64,Alice
577,2024-07-30,1,103,,19.11,David
578,2024-07-31,2,102,13.0,86.24,Alice
579,2024-08-01,2,102,11.0,57.8,Alice
580,2024-08-02,2,103,1.0,85.76,
581,2024-08-03,2,104,7.0,62.22,Alice
582,2024-08-04,1,102,,60.37,
583,2024-08-05,4,101,1.0,,Charlie
584,2024-08-06,2,104,12.0,25.06,David
585,2024-08-07,2,102,7.0,97.48,Charlie
586,2024-08-08,3,102,,30.56,Alice
587,2024-08-09,2,101,19.0,97.97,
588,2024-08-10,3,101,1.0,57.87,Charlie
589,2024-08-11,4,103,17.0,22.22,Charlie
590,2024-08-12,1,104,17.0,18.94,Bob
591,2024-08-13,1,104,3.0,28.8,Alice
592,2024-08-14,4,103,12.0,93.31,
593,2024-08-15,1,104,6.0,47.27,Charlie
594,2024-08-16,4,104,,45.59,Charlie
595,2024-08-17,4,104,3.0,38.19,
596,2024-08-18,4,104,8.0,23.24,Alice
597,2024-08-19,1,104,14.0,53.91,Bob
598,2024-08-20,3,101,14.0,,Charlie
599,2024-08-21,4,104,,,Bob
600,2024-08-22,2,101,2.0,43.34,David
601,2024-08-23,1,104,14.0,43.73,Alice
602,2024-08-24,4,103,9.0,52.66,David
603,2024-08-25,4,102,3.0,49.97,David
604,2024-08-26,2,101,8.0,99.54,David
605,2024-08-27,3,104,16.0,59.08,Alice
606,2024-08-28,3,103,2.0,17.94,Alice
607,2024-08-29,3,102,6.0,64.62,
608,2024-08-30,4,101,12.0,23.64,Bob
609,2024-08-31,4,102,5.0,12.78,Bob
610,2024-09-01,4,103,2.0,97.37,
611,2024-09-02,1,101,16.0,79.62,
612,2024-09-03,2,102,5.0,98.21,David
613,2024-09-04,4,104,15.0,,
614,2024-09-05,2,101,12.0,57.9,Charlie
615,2024-09-06,2,102,4.0,25.15,Bob
616,2024-09-07,3,103,15.0,32.22,
617,2024-09-08,1,103,11.0,85.47,Charlie
618,2024-09-09,4,101,16.0,42.06,Charlie
619,2024-09-10,3,102,6.0,84.41,Charlie
620,2024-09-11,3,101,14.0,73.81,Charlie
621,2024-09-12,4,101,,25.95,David
622,2024-09-13,2,102,12.0,55.67,Charlie
623,2024-09-14,3,102,,70.96,David
624,2024-09-15,2,104,13.0,31.15,David
625,2024-09-16,1,102,11.0,84.76,
626,2024-09-17,2,103,16.0,59.03,Bob
627,2024-09-18,1,101,15.0,24.87,Charlie
628,2024-09-19,2,101,15.0,62.47,Charlie
629,2024-09-20,3,103,4.0,99.97,Charlie
630,2024-09-21,3,102,11.0,23.55,Bob
631,2024-09-22,1,103,19.0,83.51,Alice
632,2024-09-23,4,103,15.0,28.66,Alice
633,2024-09-24,1,104,4.0,80.41,David
634,2024-09-25,1,103,,76.11,David
635,2024-09-26,2,101,19.0,,Bob
636,2024-09-27,2,103,2.0,39.32,
637,2024-09-28,1,101,14.0,81.33,Alice
638,2024-09-29,3,101,4.0,51.53,David
639,2024-09-30,2,101,16.0,75.77,Alice
640,2024-10-01,4,102,14.0,23.32,
641,2024-10-02,2,104,15.0,86.73,Bob
642,2024-10-03,2,101,3.0,73.98,
643,2024-10-04,4,101,8.0,91.62,
644,2024-10-05,1,102,16.0,21.91,Bob
645,2024-10-06,4,101,10.0,,David
646,2024-10-07,1,103,4.0,63.92,Alice
647,2024-10-08,1,103,18.0,41.81,Charlie
648,2024-10-09,1,104,2.0,51.26,
649,2024-10-10,4,101,17.0,13.42,Charlie
650,2024-10-11,1,102,13.0,77.13,David
651,2024-10-12,3,103,4.0,59.44,
652,2024-10-13,4,102,11.0,15.2,Charlie
653,2024-10-14,3,102,7.0,71.27,David
654,2024-10-15,1,103,12.0,52.01,Alice
655,2024-10-16,2,102,10.0,13.1,David
656,2024-10-17,1,103,7.0,97.26,
657,2024-10-18,3,102,13.0,95.42,Bob
658,2024-10-19,3,103,7.0,56.16,Alice
659,2024-10-20,4,101,17.0,18.43,Charlie
660,2024-10-21,2,104,10.0,77.92,
661,2024-10-22,4,103,10.0,54.27,Bob
662,2024-10-23,3,103,4.0,37.22,David
663,2024-10-24,1,104,4.0,54.23,Bob
664,2024-10-25,2,103,7.0,57.02,
665,2024-10-26,1,103,1.0,,
666,2024-10-27,1,102,12.0,49.71,Bob
667,2024-10-28,2,104,13.0,64.52,David
668,2024-10-29,4,101,10.0,92.69,Bob
669,2024-10-30,1,103,15.0,42.6,
670,2024-10-31,3,104,13.0,75.31,
671,2024-11-01,1,102,9.0,,Charlie
672,2024-11-02,2,101,9.0,51.04,Charlie
673,2024-11-03,2,104,15.0,49.91,
674,2024-11-04,2,101,10.0,64.19,
675,2024-11-05,4,101,10.0,63.23,Charlie
676,2024-11-06,1,101,8.0,82.59,Bob
677,2024-11-07,4,103,16.0,,David
678,2024-11-08,4,103,17.0,99.65,Bob
679,2024-11-09,2,102,5.0,15.35,David
680,2024-11-10,2,102,4.0,10.29,Charlie
681,2024-11-11,4,104,18.0,,Alice
682,2024-11-12,1,102,19.0,36.86,Bob
683,2024-11-13,3,101,4.0,31.63,Bob
684,2024-11-14,4,101,7.0,38.07,Bob
685,2024-11-15,1,103,10.0,33.04,David
686,2024-11-16,2,101,18.0,12.77,Charlie
687,2024-11-17,2,104,19.0,97.44,Bob
688,2024-11-18,1,101,4.0,,
689,2024-11-19,3,101,10.0,76.06,Alice
690,2024-11-20,2,104,1.0,78.63,
691,2024-11-21,2,102,18.0,93.63,
692,2024-11-22,2,102,5.0,12.75,Charlie
693,2024-11-23,1,104,15.0,88.48,
694,2024-11-24,4,103,17.0,57.45,Alice
695,2024-11-25,2,101,3.0,,
696,2024-11-26,4,104,12.0,68.0,David
697,2024-11-27,3,101,2.0,83.78,
698,2024-11-28,2,103,1.0,40.01,Bob
699,2024-11-29,2,101,17.0,75.97,
700,2024-11-30,3,104,16.0,57.57,Charlie
701,2024-12-01,2,101,5.0,81.41,David
702,2024-12-02,4,102,15.0,99.15,Bob
703,2024-12-03,1,103,3.0,,
704,2024-12-04,4,103,7.0,,David
705,2024-12-05,1,103,11.0,18.08,David
706,2024-12-06,1,104,10.0,10.21,Bob
707,2024-12-07,4,103,9.0,13.97,
708,2024-12-08,4,102,14.0,40.76,David
709,2024-12-09,4,104,13.0,66.96,David
710,2024-12-10,4,102,2.0,16.21,Alice
711,2024-12-11,3,101,3.0,10.51,David
712,2024-12-12,2,101,7.0,94.34,Alice
713,2024-12-13,1,101,18.0,83.97,
714,2024-12-14,4,101,3.0,82.83,
715,2024-12-15,4,102,10.0,89.6,
716,2024-12-16,4,104,7.0,73.0,Charlie
717,2024-12-17,3,104,9.0,19.4,
718,2024-12-18,4,103,17.0,45.92,David
719,2024-12-19,4,102,,75.08,Bob
720,2024-12-20,4,101,7.0,35.23,Alice
721,2024-12-21,2,102,14.0,71.87,Charlie
722,2024-12-22,3,103,19.0,12.2,
723,2024-12-23,4,103,,37.55,
724,2024-12-24,1,102,6.0,59.42,
725,2024-12-25,1,102,10.0,66.89,Bob
726,2024-12-26,1,102,7.0,61.93,Charlie
727,2024-12-27,3,104,13.0,72.8,Alice
728,2024-12-28,3,101,,10.55,
729,2024-12-29,1,102,4.0,19.08,Charlie
730,2024-12-30,4,102,8.0,88.2,David
731,2024-12-31,3,102,5.0,71.36,David
732,2025-01-01,1,103,1.0,20.16,Charlie
733,2025-01-02,1,103,4.0,85.79,
734,2025-01-03,4,104,3.0,31.8,Charlie
735,2025-01-04,2,101,9.0,53.04,
736,2025-01-05,3,104,8.0,23.07,
737,2025-01-06,4,101,,73.91,Charlie
738,2025-01-07,1,103,6.0,70.02,
739,2025-01-08,1,103,9.0,29.0,Charlie
740,2025-01-09,4,103,7.0,87.71,Charlie
741,2025-01-10,3,104,4.0,,
742,2025-01-11,2,102,13.0,36.33,
743,2025-01-12,2,102,17.0,23.71,Alice
744,2025-01-13,1,103,2.0,33.96,Charlie
745,2025-01-14,3,102,,11.98,David
746,2025-01-15,2,102,12.0,,Charlie
747,2025-01-16,3,104,8.0,85.8,Charlie
748,2025-01-17,3,101,6.0,59.41,
749,2025-01-18,1,103,8.0,29.73,Charlie
750,2025-01-19,2,103,18.0,13.03,Charlie
751,2025-01-20,4,104,3.0,29.32,David
752,2025-01-21,1,104,12.0,47.45,
753,2025-01-22,2,102,,78.37,Charlie
754,2025-01-23,2,103,6.0,26.91,Bob
755,2025-01-24,2,101,2.0,74.78,
756,2025-01-25,2,104,12.0,88.02,David
757,2025-01-26,2,101,2.0,50.86,Charlie
758,2025-01-27,3,101,6.0,83.93,Bob
759,2025-01-28,1,103,17.0,59.92,Charlie
760,2025-01-29,3,103,,67.34,Charlie
761,2025-01-30,4,104,2.0,57.37,
762,2025-01-31,2,103,8.0,51.69,
763,2025-02-01,1,103,12.0,31.12,
764,2025-02-02,2,103,4.0,37.29,Bob
765,2025-02-03,1,101,5.0,36.1,
766,2025-02-04,3,104,13.0,60.7,Alice
767,2025-02-05,1,102,15.0,20.8,David
768,2025-02-06,4,101,16.0,92.51,
769,2025-02-07,4,103,10.0,74.86,
770,2025-02-08,1,101,16.0,46.13,Charlie
771,2025-02-09,1,103,12.0,24.28,Charlie
772,2025-02-10,1,103,17.0,89.38,Bob
773,2025-02-11,1,101,16.0,84.14,Bob
774,2025-02-12,4,104,12.0,74.95,
775,2025-02-13,2,103,,34.44,Charlie
776,2025-02-14,1,104,3.0,46.22,Alice
777,2025-02-15,1,102,16.0,19.25,David
778,2025-02-16,4,103,13.0,27.01,Charlie
779,2025-02-17,4,104,19.0,80.47,Charlie
780,2025-02-18,3,104,8.0,74.35,Bob
781,2025-02-19,1,102,5.0,63.41,
782,2025-02-20,3,104,8.0,90.62,
783,2025-02-21,4,104,12.0,62.49,Charlie
784,2025-02-22,4,102,1.0,52.03,
785,2025-02-23,2,103,,40.63,Charlie
786,2025-02-24,1,104,,,
787,2025-02-25,3,104,8.0,17.44,
788,2025-02-26,4,104,7.0,93.78,Bob
789,2025-02-27,4,101,1.0,84.4,David
790,2025-02-28,3,102,16.0,21.69,Alice
791,2025-03-01,2,101,12.0,60.85,Bob
792,2025-03-02,4,102,6.0,87.99,David
793,2025-03-03,1,103,2.0,61.46,Alice
794,2025-03-04,4,103,14.0,91.65,Charlie
795,2025-03-05,1,104,4.0,94.87,Charlie
796,2025-03-06,3,102,1.0,48.01,
797,2025-03-07,1,103,18.0,,Bob
798,2025-03-08,3,102,,94.27,Charlie
799,2025-03-09,1,103,2.0,70.76,Bob
800,2025-03-10,3,101,9.0,20.44,Charlie
801,2025-03-11,1,103,2.0,13.81,
802,2025-03-12,2,101,9.0,60.82,David
803,2025-03-13,1,103,1.0,,
804,2025-03-14,1,104,11.0,,Alice
805,2025-03-15,2,101,,70.83,Charlie
806,2025-03-16,4,103,4.0,,Alice
807,2025-03-17,4,104,18.0,32.88,Alice
808,2025-03-18,1,101,6.0,88.8,Bob
809,2025-03-19,2,104,3.0,26.45,Charlie
810,2025-03-20,1,102,11.0,35.06,Alice
811,2025-03-21,3,102,15.0,21.66,David
812,2025-03-22,3,101,5.0,70.85,Alice
813,2025-03-23,1,103,10.0,94.96,David
814,2025-03-24,4,101,12.0,34.21,Bob
815,2025-03-25,4,104,,52.79,
816,2025-03-26,1,103,17.0,67.09,
817,2025-03-27,1,102,10.0,99.95,Bob
818,2025-03-28,3,103,6.0,19.43,
819,2025-03-29,4,102,18.0,54.87,Bob
820,2025-03-30,1,103,13.0,,Alice
821,2025-03-31,3,103,3.0,87.92,Charlie
822,2025-04-01,4,103,10.0,52.84,Charlie
823,2025-04-02,2,104,14.0,19.99,David
824,2025-04-03,3,104,,67.1,David
825,2025-04-04,4,101,3.0,79.37,Charlie
826,2025-04-05,4,101,16.0,10.26,David
827,2025-04-06,3,102,7.0,,Bob
828,2025-04-07,2,104,14.0,26.74,
829,2025-04-08,3,102,9.0,59.69,
830,2025-04-09,4,101,,47.42,Bob
831,2025-04-10,1,102,3.0,74.77,
832,2025-04-11,1,101,2.0,43.4,Alice
833,2025-04-12,3,104,2.0,88.28,Bob
834,2025-04-13,4,103,3.0,75.74,David
835,2025-04-14,1,104,,68.29,Bob
836,2025-04-15,4,102,14.0,,Charlie
837,2025-04-16,3,102,18.0,77.86,
838,2025-04-17,1,104,10.0,13.23,Charlie
839,2025-04-18,4,104,2.0,45.53,David
840,2025-04-19,1,101,1.0,93.77,
841,2025-04-20,3,102,4.0,21.32,Bob
842,2025-04-21,4,102,14.0,76.34,Alice
843,2025-04-22,1,104,1.0,97.71,David
844,2025-04-23,3,103,14.0,,David
845,2025-04-24,1,102,16.0,71.4,Charlie
846,2025-04-25,1,103,14.0,52.13,
847,2025-04-26,2,104,,62.13,
848,2025-04-27,2,104,3.0,17.68,Charlie
849,2025-04-28,3,101,9.0,13.87,
850,2025-04-29,2,102,6.0,70.02,Alice
851,2025-04-30,3,103,13.0,84.1,Charlie
852,2025-05-01,2,101,2.0,80.38,Charlie
853,2025-05-02,1,102,8.0,,David
854,2025-05-03,3,101,2.0,18.99,
855,2025-05-04,3,104,4.0,71.92,Bob
856,2025-05-05,1,102,15.0,31.77,Alice
857,2025-05-06,3,101,4.0,92.0,Alice
858,2025-05-07,3,101,13.0,85.44,
859,2025-05-08,2,103,12.0,73.84,David
860,2025-05-09,3,101,13.0,,
861,2025-05-10,4,102,,,
862,2025-05-11,1,102,18.0,76.26,David
863,2025-05-12,2,103,6.0,39.72,Alice
864,2025-05-13,2,102,11.0,91.55,Alice
865,2025-05-14,4,104,2.0,34.0,Bob
866,2025-05-15,1,102,19.0,75.24,
867,2025-05-16,1,102,19.0,88.99,Charlie
868,2025-05-17,2,101,5.0,13.75,Charlie
869,2025-05-18,3,101,19.0,,Bob
870,2025-05-19,2,102,2.0,78.61,Bob
871,2025-05-20,1,103,10.0,50.94,David
872,2025-05-21,4,101,2.0,34.05,Bob
873,2025-05-22,2,103,11.0,29.78,Bob
874,2025-05-23,1,102,18.0,21.84,Charlie
875,2025-05-24,2,102,,87.14,David
876,2025-05-25,3,104,9.0,61.78,Bob
877,2025-05-26,2,101,19.0,,Bob
878,2025-05-27,2,102,9.0,44.43,David
879,2025-05-28,1,104,,43.1,
880,2025-05-29,1,101,9.0,26.36,David
881,2025-05-30,1,102,14.0,49.2,Charlie
882,2025-05-31,2,102,19.0,39.89,
883,2025-06-01,3,101,7.0,40.76,Alice
884,2025-06-02,4,101,16.0,76.51,David
885,2025-06-03,4,101,16.0,30.09,Charlie
886,2025-06-04,1,102,1.0,67.77,
887,2025-06-05,1,102,4.0,61.36,David
888,2025-06-06,2,104,4.0,61.13,Bob
889,2025-06-07,4,103,7.0,69.67,David
890,2025-06-08,1,101,8.0,59.35,
891,2025-06-09,3,102,17.0,89.13,
892,2025-06-10,3,102,5.0,70.8,
893,2025-06-11,1,101,7.0,59.23,
894,2025-06-12,1,103,,84.68,David
895,2025-06-13,4,101,6.0,64.55,
896,2025-06-14,4,103,7.0,36.2,Bob
897,2025-06-15,2,102,18.0,28.64,David
898,2025-06-16,4,103,5.0,23.71,Bob
899,2025-06-17,3,104,,90.95,Bob
900,2025-06-18,3,102,7.0,73.91,Charlie
901,2025-06-19,1,104,14.0,94.36,David
902,2025-06-20,4,101,7.0,64.3,
903,2025-06-21,2,101,5.0,52.61,Bob
904,2025-06-22,3,101,5.0,15.37,Charlie
905,2025-06-23,3,103,2.0,70.45,David
906,2025-06-24,2,102,6.0,62.4,David
907,2025-06-25,2,101,15.0,99.12,
908,2025-06-26,3,101,10.0,31.52,Alice
909,2025-06-27,3,102,7.0,57.77,Bob
910,2025-06-28,2,101,5.0,68.59,Alice
911,2025-06-29,3,104,1.0,68.01,Bob
912,2025-06-30,1,102,13.0,60.52,
913,2025-07-01,1,102,18.0,79.92,Bob
914,2025-07-02,2,102,,,
915,2025-07-03,4,104,18.0,75.31,
916,2025-07-04,2,102,5.0,65.78,Alice
917,2025-07-05,2,104,13.0,90.65,Bob
918,2025-07-06,4,102,4.0,86.25,Charlie
919,2025-07-07,4,103,17.0,38.36,David
920,2025-07-08,4,101,3.0,34.86,Alice
921,2025-07-09,1,103,17.0,98.35,Bob
922,2025-07-10,3,101,11.0,57.45,
923,2025-07-11,1,104,4.0,91.58,Alice
924,2025-07-12,3,103,2.0,24.75,Alice
925,2025-07-13,1,102,16.0,67.85,David
926,2025-07-14,3,101,18.0,82.89,Bob
927,2025-07-15,1,101,8.0,95.27,Charlie
928,2025-07-16,4,103,3.0,40.36,
929,2025-07-17,2,104,9.0,75.25,Bob
930,2025-07-18,1,103,6.0,58.49,
931,2025-07-19,3,104,,15.46,Alice
932,2025-07-20,4,104,10.0,,David
933,2025-07-21,1,101,13.0,72.11,David
934,2025-07-22,1,103,17.0,93.75,
935,2025-07-23,4,103,9.0,54.76,David
936,2025-07-24,1,104,17.0,30.72,Alice
937,2025-07-25,2,103,9.0,14.01,Charlie
938,2025-07-26,1,102,9.0,47.41,Bob
939,2025-07-27,2,102,1.0,37.17,David
940,2025-07-28,2,103,2.0,78.5,Charlie
941,2025-07-29,4,103,16.0,41.88,Alice
942,2025-07-30,1,104,1.0,95.42,
943,2025-07-31,4,102,10.0,96.61,
944,2025-08-01,1,102,18.0,65.88,
945,2025-08-02,1,101,8.0,93.58,Alice
946,2025-08-03,3,104,11.0,78.48,
947,2025-08-04,1,101,,59.22,Charlie
948,2025-08-05,4,102,8.0,26.23,
949,2025-08-06,2,104,8.0,51.27,Alice
950,2025-08-07,1,103,17.0,60.48,
951,2025-08-08,3,104,15.0,87.76,Bob
952,2025-08-09,4,103,,,David
953,2025-08-10,1,103,,90.79,David
954,2025-08-11,4,104,19.0,70.69,Alice
955,2025-08-12,3,103,5.0,22.33,
956,2025-08-13,3,101,12.0,99.55,Charlie
957,2025-08-14,4,102,1.0,,
958,2025-08-15,1,103,5.0,45.27,
959,2025-08-16,2,101,,69.32,Charlie
960,2025-08-17,3,103,13.0,,David
961,2025-08-18,1,102,8.0,67.29,
962,2025-08-19,1,101,11.0,54.84,
963,2025-08-20,2,102,1.0,46.6,Bob
964,2025-08-21,3,102,13.0,95.77,
965,2025-08-22,3,101,19.0,57.03,Alice
966,2025-08-23,1,101,3.0,29.72,Charlie
967,2025-08-24,1,101,17.0,51.31,Bob
968,2025-08-25,2,104,5.0,92.74,Charlie
969,2025-08-26,2,101,8.0,25.85,Charlie
970,2025-08-27,3,101,14.0,29.26,David
971,2025-08-28,4,101,4.0,11.17,Alice
972,2025-08-29,3,101,11.0,11.28,Charlie
973,2025-08-30,1,103,15.0,84.65,
974,2025-08-31,3,104,19.0,75.89,
975,2025-09-01,4,102,7.0,41.95,David
976,2025-09-02,2,101,,72.85,Alice
977,2025-09-03,4,103,19.0,45.57,Alice
978,2025-09-04,4,103,11.0,95.76,
979,2025-09-05,4,103,5.0,97.03,Bob
980,2025-09-06,2,102,5.0,45.35,David
981,2025-09-07,4,101,8.0,86.88,David
982,2025-09-08,4,104,10.0,79.58,
983,2025-09-09,4,104,,37.9,
984,2025-09-10,1,103,15.0,30.88,Bob
985,2025-09-11,4,102,16.0,51.24,Bob
986,2025-09-12,2,102,17.0,,Alice
987,2025-09-13,4,102,8.0,96.42,David
988,2025-09-14,4,104,,78.72,
989,2025-09-15,2,103,9.0,86.97,
990,2025-09-16,4,101,2.0,64.28,Alice
991,2025-09-17,2,104,15.0,,David
992,2025-09-18,4,103,,80.6,Alice
993,2025-09-19,2,103,3.0,43.93,Alice
994,2025-09-20,4,101,,59.68,
995,2025-09-21,4,101,4.0,82.43,Alice
996,2025-09-22,1,101,4.0,14.15,Bob
997,2025-09-23,1,102,14.0,82.73,Bob
998,2025-09-24,4,101,,26.01,Charlie
999,2025-09-25,4,103,9.0,56.32,
1000,2025-09-26,3,101,18.0,82.74,Charlie
